Algorithm,InputSize,Time
BST,2048,0.00020
BST,4096,0.00037
BST,8192,0.00075
BST,16384,0.00146
BST,32768,0.00314
BST,65536,0.00761
BST,131072,0.01626
BST,262144,0.03409
BST,524288,0.06385
