Algorithm,InputSize,Time
BST,2048,0.00225
BST,4096,0.00153
BST,8192,0.00184
BST,16384,0.00550
BST,32768,0.00297
BST,65536,0.00637
BST,131072,0.00888
BST,262144,0.00971
BST,524288,0.01169
