Algorithm,InputSize,Time
BST,2048,0.00023
BST,4096,0.00072
BST,8192,0.00103
BST,16384,0.00217
BST,32768,0.00449
BST,65536,0.00902
BST,131072,0.02413
BST,262144,0.06836
BST,524288,0.19548
