Algorithm,InputSize,Time
AVL,2048,0.00018
AVL,4096,0.00034
AVL,8192,0.00069
AVL,16384,0.00142
AVL,32768,0.00276
AVL,65536,0.00663
AVL,131072,0.01510
AVL,262144,0.02462
AVL,524288,0.05173
