Algorithm,InputSize,Time
BST,2048,0.00022
BST,4096,0.00040
BST,8192,0.00092
BST,16384,0.00197
BST,32768,0.00364
BST,65536,0.00908
BST,131072,0.02216
BST,262144,0.04433
BST,524288,0.09229
