Algorithm,InputSize,Time
AVL,2048,0.01303
AVL,4096,0.02005
AVL,8192,0.04589
AVL,16384,0.09049
AVL,32768,0.22409
AVL,65536,0.48138
AVL,131072,1.08996
AVL,262144,2.72731
AVL,524288,6.72078
