Algorithm,InputSize,Time
BST,2048,0.00143
BST,4096,0.00438
BST,8192,0.00718
BST,16384,0.01651
BST,32768,0.03128
BST,65536,0.06681
BST,131072,0.13984
BST,262144,0.38751
BST,524288,0.81055
