Algorithm,InputSize,Time
BST,2048,0.00122
BST,4096,0.00229
BST,8192,0.00640
BST,16384,0.01205
BST,32768,0.02258
BST,65536,0.06645
BST,131072,0.16216
BST,262144,0.34780
BST,524288,0.72173
