Algorithm,InputSize,Time
AVL,2048,0.00123
AVL,4096,0.00125
AVL,8192,0.00190
AVL,16384,0.00347
AVL,32768,0.00434
AVL,65536,0.00723
AVL,131072,0.00870
AVL,262144,0.01051
AVL,524288,0.01893
