Algorithm,InputSize,Time
AVL,2048,0.01127
AVL,4096,0.02431
AVL,8192,0.05061
AVL,16384,0.11795
AVL,32768,0.25801
AVL,65536,0.54809
AVL,131072,1.26299
AVL,262144,3.10666
AVL,524288,7.25546
