Algorithm,InputSize,Time
AVL,2048,0.00017
AVL,4096,0.00031
AVL,8192,0.00071
AVL,16384,0.00147
AVL,32768,0.00551
AVL,65536,0.00627
AVL,131072,0.02052
AVL,262144,0.10286
AVL,524288,0.22152
