Algorithm,InputSize,Time
BST,2048,0.00296
BST,4096,0.00481
BST,8192,0.01357
BST,16384,0.02289
BST,32768,0.05361
BST,65536,0.12935
BST,131072,0.33390
BST,262144,0.86881
BST,524288,2.89908
