Algorithm,InputSize,Time
AVL,2048,0.00020
AVL,4096,0.00063
AVL,8192,0.00083
AVL,16384,0.00203
AVL,32768,0.00387
AVL,65536,0.00926
AVL,131072,0.02195
AVL,262144,0.06638
AVL,524288,0.22587
