Algorithm,InputSize,Time
BST,2048,0.00285
BST,4096,0.00490
BST,8192,0.01246
BST,16384,0.03333
BST,32768,0.07323
BST,65536,0.13077
BST,131072,0.38515
BST,262144,0.95505
BST,524288,2.37529
