Algorithm,InputSize,Time
BST,2048,0.00538
BST,4096,0.00564
BST,8192,0.01356
BST,16384,0.02713
BST,32768,0.06144
BST,65536,0.12640
BST,131072,0.32005
BST,262144,0.84269
BST,524288,2.39464
