Algorithm,InputSize,Time
BST,2048,0.00137
BST,4096,0.00242
BST,8192,0.00456
BST,16384,0.01260
BST,32768,0.03045
BST,65536,0.06938
BST,131072,0.14254
BST,262144,0.34217
BST,524288,0.86494
