Algorithm,InputSize,Time
AVL,2048,0.00137
AVL,4096,0.00269
AVL,8192,0.00626
AVL,16384,0.01176
AVL,32768,0.02378
AVL,65536,0.05583
AVL,131072,0.13238
AVL,262144,0.35636
AVL,524288,0.81624
